Daily update on Mon Oct 27 16:48:11 UTC 2025
Daily update on Mon Oct 27 16:55:44 UTC 2025
Daily update on Tue Oct 28 06:50:35 UTC 2025
Daily update on Wed Oct 29 06:50:53 UTC 2025
Daily update on Thu Oct 30 06:48:56 UTC 2025
Daily update on Fri Oct 31 06:49:25 UTC 2025
Daily update on Sat Nov  1 06:44:12 UTC 2025
Daily update on Sun Nov  2 06:46:29 UTC 2025
Daily update on Mon Nov  3 06:50:54 UTC 2025
Daily update on Tue Nov  4 06:49:52 UTC 2025
Daily update on Wed Nov  5 06:49:20 UTC 2025
Daily update on Thu Nov  6 06:50:19 UTC 2025
Daily update on Fri Nov  7 06:49:39 UTC 2025
Daily update on Sat Nov  8 06:45:18 UTC 2025
Daily update on Sun Nov  9 06:45:38 UTC 2025
